{"cameraMode":{"drawMode":0,"name":"Shaded","section":"Shading Mode"},"sceneLighting":false,"audioPlay":false,"sceneViewState":{"showFog":true,"showMaterialUpdate":false,"showSkybox":true,"showFlares":true,"showImageEffects":true,"showParticleSystems":true},"in2DMode":false,"pivot":{"x":-0.9195241928100586,"y":2.71234130859375,"z":-1.051666259765625},"rotation":{"x":0.23802992701530457,"y":0.3081580698490143,"z":-0.07993735373020172,"w":0.9176032543182373},"size":18.325769424438478,"orthographic":false}