{"cameraMode":{"drawMode":0,"name":"Shaded","section":"Shading Mode"},"sceneLighting":false,"audioPlay":false,"sceneViewState":{"showFog":true,"showMaterialUpdate":false,"showSkybox":true,"showFlares":true,"showImageEffects":true,"showParticleSystems":true},"in2DMode":false,"pivot":{"x":41.777095794677737,"y":-34.63010025024414,"z":58.65220642089844},"rotation":{"x":0.23802992701530457,"y":0.3081580698490143,"z":-0.07993735373020172,"w":0.9176032543182373},"size":155.16494750976563,"orthographic":false}