{"cameraMode":{"drawMode":0,"name":"Shaded","section":"Shading Mode"},"sceneLighting":false,"audioPlay":false,"sceneViewState":{"showFog":true,"showMaterialUpdate":false,"showSkybox":true,"showFlares":true,"showImageEffects":true,"showParticleSystems":true},"in2DMode":false,"pivot":{"x":-0.08000004291534424,"y":1.2799999713897706,"z":58.802120208740237},"rotation":{"x":0.23539429903030396,"y":0.3070186674594879,"z":-0.07865951210260391,"w":0.9187747836112976},"size":2.3416898250579836,"orthographic":false}