{"cameraMode":{"drawMode":0,"name":"Shaded","section":"Shading Mode"},"sceneLighting":false,"audioPlay":false,"sceneViewState":{"showFog":true,"showMaterialUpdate":false,"showSkybox":true,"showFlares":true,"showImageEffects":true,"showParticleSystems":true},"in2DMode":false,"pivot":{"x":-1.8654098510742188,"y":0.0,"z":22.833999633789064},"rotation":{"x":-0.08192481845617295,"y":0.9055582284927368,"z":-0.2046976536512375,"w":-0.36242568492889407},"size":64.78793334960938,"orthographic":false}