{"cameraMode":{"drawMode":0,"name":"Shaded","section":"Shading Mode"},"sceneLighting":false,"audioPlay":false,"sceneViewState":{"showFog":true,"showMaterialUpdate":false,"showSkybox":false,"showFlares":true,"showImageEffects":true,"showParticleSystems":true},"in2DMode":false,"pivot":{"x":-3.0,"y":-0.34999996423721316,"z":36.279998779296878},"rotation":{"x":0.23802992701530457,"y":0.3081580698490143,"z":-0.07993735373020172,"w":0.9176032543182373},"size":7.470693111419678,"orthographic":false}