{"cameraMode":{"drawMode":0,"name":"Shaded","section":"Shading Mode"},"sceneLighting":false,"audioPlay":false,"sceneViewState":{"showFog":true,"showMaterialUpdate":false,"showSkybox":true,"showFlares":true,"showImageEffects":true,"showParticleSystems":true},"in2DMode":false,"pivot":{"x":2.7903480529785158,"y":-3.2055273056030275,"z":-4.299137592315674},"rotation":{"x":0.23539429903030396,"y":0.3070186674594879,"z":-0.07865951210260391,"w":0.9187747836112976},"size":15.958438873291016,"orthographic":false}